exposure_id,sector,sic_range,rating,pd,asset_correlation
1,Mining & Construction,1000-1999,BBB,0.0007,0.23587264995090795
2,Utilities,4900-4999,B,0.0193,0.16571798396872045
3,Services,7000-7999,BB,0.005,0.21345609396856857
4,Communications,4800-4899,BB+,0.0024,0.22643045240605889
5,"Finance, Insurance & Real Estate",6000-6999,BB,0.005,0.21345609396856857
6,"Health, Legal & Educational Services",8000-8999,BB-,0.0103,0.19170007135418848
7,Mining & Construction,1000-1999,B+,0.0137,0.18049082754897905
8,Mining & Construction,1000-1999,BBB,0.0007,0.23587264995090795
9,"Finance, Insurance & Real Estate",6000-6999,BBB+,0.0008,0.23529473269827877
10,Utilities,4900-4999,B-,0.031,0.14546975685920915
11,Heavy Manufacturing,3000-3999,BB+,0.0024,0.22643045240605889
12,Wholesale & Retail Trade,5000-5999,A-,0.0006,0.23645346402582096
13,Light Manufacturing,2000-2999,B+,0.0137,0.18049082754897905
14,Mining & Construction,1000-1999,B+,0.0137,0.18049082754897905
15,Utilities,4900-4999,A-,0.0006,0.23645346402582096
16,"Finance, Insurance & Real Estate",6000-6999,BB-,0.0103,0.19170007135418848
17,Light Manufacturing,2000-2999,B,0.0193,0.16571798396872045
18,"Finance, Insurance & Real Estate",6000-6999,BB-,0.0103,0.19170007135418848
19,Services,7000-7999,B+,0.0137,0.18049082754897905
20,Light Manufacturing,2000-2999,A-,0.0006,0.23645346402582096
21,Communications,4800-4899,BB-,0.0103,0.19170007135418848
22,Heavy Manufacturing,3000-3999,BB+,0.0024,0.22643045240605889
23,Transportation,4000-4799,BBB-,0.002,0.22858049016431514
24,Wholesale & Retail Trade,5000-5999,B,0.0193,0.16571798396872045
25,Mining & Construction,1000-1999,CCC+,0.2387,0.12000078682219927
26,"Finance, Insurance & Real Estate",6000-6999,CCC,0.2387,0.12000078682219927
27,Utilities,4900-4999,CCC+,0.2387,0.12000078682219927
28,"Finance, Insurance & Real Estate",6000-6999,BB,0.005,0.21345609396856857
29,"Finance, Insurance & Real Estate",6000-6999,BB-,0.0103,0.19170007135418848
30,Communications,4800-4899,B,0.0193,0.16571798396872045
31,Communications,4800-4899,BB,0.005,0.21345609396856857
32,Transportation,4000-4799,BB,0.005,0.21345609396856857
33,Heavy Manufacturing,3000-3999,B,0.0193,0.16571798396872045
34,Heavy Manufacturing,3000-3999,BB,0.005,0.21345609396856857
35,Utilities,4900-4999,BBB,0.0007,0.23587264995090795
36,"Finance, Insurance & Real Estate",6000-6999,BB+,0.0024,0.22643045240605889
37,"Finance, Insurance & Real Estate",6000-6999,B+,0.0137,0.18049082754897905
38,Utilities,4900-4999,BB,0.005,0.21345609396856857
39,"Finance, Insurance & Real Estate",6000-6999,BB-,0.0103,0.19170007135418848
40,Communications,4800-4899,B+,0.0137,0.18049082754897905
41,Utilities,4900-4999,BB+,0.0024,0.22643045240605889
42,Services,7000-7999,B,0.0193,0.16571798396872045
43,Communications,4800-4899,BB-,0.0103,0.19170007135418848
44,Heavy Manufacturing,3000-3999,BBB+,0.0008,0.23529473269827877
45,Services,7000-7999,CCC+,0.2387,0.12000078682219927
46,Mining & Construction,1000-1999,BBB-,0.002,0.22858049016431514
47,Heavy Manufacturing,3000-3999,A,0.0006,0.23645346402582096
48,Heavy Manufacturing,3000-3999,BBB+,0.0008,0.23529473269827877
49,Communications,4800-4899,BBB+,0.0008,0.23529473269827877
50,"Finance, Insurance & Real Estate",6000-6999,BB,0.005,0.21345609396856857
51,"Finance, Insurance & Real Estate",6000-6999,BB+,0.0024,0.22643045240605889
52,"Finance, Insurance & Real Estate",6000-6999,BB+,0.0024,0.22643045240605889
53,Mining & Construction,1000-1999,B+,0.0137,0.18049082754897905
54,Communications,4800-4899,BB-,0.0103,0.19170007135418848
55,Communications,4800-4899,BB-,0.0103,0.19170007135418848
56,Mining & Construction,1000-1999,BB-,0.0103,0.19170007135418848
57,Utilities,4900-4999,B+,0.0137,0.18049082754897905
58,Light Manufacturing,2000-2999,A+,0.00065,0.2361626939797567
59,"Finance, Insurance & Real Estate",6000-6999,BB+,0.0024,0.22643045240605889
60,"Finance, Insurance & Real Estate",6000-6999,AA-,0.0007,0.23587264995090795
61,Communications,4800-4899,BB,0.005,0.21345609396856857
62,Utilities,4900-4999,BB,0.005,0.21345609396856857
63,Light Manufacturing,2000-2999,B-,0.031,0.14546975685920915
64,Mining & Construction,1000-1999,B-,0.031,0.14546975685920915
65,Light Manufacturing,2000-2999,BB-,0.0103,0.19170007135418848
66,Light Manufacturing,2000-2999,BBB-,0.002,0.22858049016431514
67,Light Manufacturing,2000-2999,B+,0.0137,0.18049082754897905
68,Heavy Manufacturing,3000-3999,BBB-,0.002,0.22858049016431514
69,"Finance, Insurance & Real Estate",6000-6999,BB,0.005,0.21345609396856857
70,Utilities,4900-4999,B,0.0193,0.16571798396872045
71,"Finance, Insurance & Real Estate",6000-6999,BBB-,0.002,0.22858049016431514
72,Heavy Manufacturing,3000-3999,B,0.0193,0.16571798396872045
73,Services,7000-7999,B+,0.0137,0.18049082754897905
74,"Finance, Insurance & Real Estate",6000-6999,BBB,0.0007,0.23587264995090795
75,"Finance, Insurance & Real Estate",6000-6999,B,0.0193,0.16571798396872045
76,Heavy Manufacturing,3000-3999,B+,0.0137,0.18049082754897905
77,Heavy Manufacturing,3000-3999,BB,0.005,0.21345609396856857
78,Communications,4800-4899,BBB,0.0007,0.23587264995090795
79,Light Manufacturing,2000-2999,BBB,0.0007,0.23587264995090795
80,Mining & Construction,1000-1999,BBB-,0.002,0.22858049016431514
81,Communications,4800-4899,B+,0.0137,0.18049082754897905
82,Heavy Manufacturing,3000-3999,BBB,0.0007,0.23587264995090795
83,Mining & Construction,1000-1999,B+,0.0137,0.18049082754897905
84,"Finance, Insurance & Real Estate",6000-6999,BBB+,0.0008,0.23529473269827877
85,"Finance, Insurance & Real Estate",6000-6999,BB+,0.0024,0.22643045240605889
86,"Finance, Insurance & Real Estate",6000-6999,BB,0.005,0.21345609396856857
87,Communications,4800-4899,C,0.2387,0.12000078682219927
88,Utilities,4900-4999,A-,0.0006,0.23645346402582096
89,"Finance, Insurance & Real Estate",6000-6999,CCC+,0.2387,0.12000078682219927
90,Utilities,4900-4999,BB-,0.0103,0.19170007135418848
91,"Finance, Insurance & Real Estate",6000-6999,BB-,0.0103,0.19170007135418848
92,Communications,4800-4899,BB,0.005,0.21345609396856857
93,Utilities,4900-4999,B+,0.0137,0.18049082754897905
94,Heavy Manufacturing,3000-3999,BB+,0.0024,0.22643045240605889
95,Heavy Manufacturing,3000-3999,CCC+,0.2387,0.12000078682219927
96,Light Manufacturing,2000-2999,BBB-,0.002,0.22858049016431514
97,Heavy Manufacturing,3000-3999,B-,0.031,0.14546975685920915
98,"Finance, Insurance & Real Estate",6000-6999,BBB-,0.002,0.22858049016431514
99,"Finance, Insurance & Real Estate",6000-6999,BB,0.005,0.21345609396856857
100,Transportation,4000-4799,BBB+,0.0008,0.23529473269827877
101,Wholesale & Retail Trade,5000-5999,B+,0.0137,0.18049082754897905
102,Communications,4800-4899,CCC+,0.2387,0.12000078682219927
103,Heavy Manufacturing,3000-3999,BB,0.005,0.21345609396856857
104,Transportation,4000-4799,BB+,0.0024,0.22643045240605889
105,Mining & Construction,1000-1999,BBB+,0.0008,0.23529473269827877
106,Communications,4800-4899,BB+,0.0024,0.22643045240605889
107,Utilities,4900-4999,A,0.0006,0.23645346402582096
108,Heavy Manufacturing,3000-3999,BBB,0.0007,0.23587264995090795
109,"Finance, Insurance & Real Estate",6000-6999,BB-,0.0103,0.19170007135418848
110,Wholesale & Retail Trade,5000-5999,CCC+,0.2387,0.12000078682219927
111,Utilities,4900-4999,D,1.0,0.12
112,"Finance, Insurance & Real Estate",6000-6999,BBB-,0.002,0.22858049016431514
113,Heavy Manufacturing,3000-3999,CCC+,0.2387,0.12000078682219927
114,Light Manufacturing,2000-2999,BB-,0.0103,0.19170007135418848
115,"Finance, Insurance & Real Estate",6000-6999,BB+,0.0024,0.22643045240605889
116,Services,7000-7999,B+,0.0137,0.18049082754897905
117,Communications,4800-4899,BB,0.005,0.21345609396856857
118,Communications,4800-4899,BB,0.005,0.21345609396856857
119,Utilities,4900-4999,BB+,0.0024,0.22643045240605889
120,Light Manufacturing,2000-2999,A-,0.0006,0.23645346402582096
121,Light Manufacturing,2000-2999,A-,0.0006,0.23645346402582096
122,Communications,4800-4899,B+,0.0137,0.18049082754897905
123,"Finance, Insurance & Real Estate",6000-6999,BB+,0.0024,0.22643045240605889
124,Utilities,4900-4999,BBB-,0.002,0.22858049016431514
125,"Finance, Insurance & Real Estate",6000-6999,BB,0.005,0.21345609396856857
126,Utilities,4900-4999,B,0.0193,0.16571798396872045
127,Heavy Manufacturing,3000-3999,BB-,0.0103,0.19170007135418848
128,"Finance, Insurance & Real Estate",6000-6999,BBB-,0.002,0.22858049016431514
129,"Finance, Insurance & Real Estate",6000-6999,B-,0.031,0.14546975685920915
130,Light Manufacturing,2000-2999,CCC,0.2387,0.12000078682219927
131,"Finance, Insurance & Real Estate",6000-6999,B+,0.0137,0.18049082754897905
132,Wholesale & Retail Trade,5000-5999,B,0.0193,0.16571798396872045
133,Light Manufacturing,2000-2999,B-,0.031,0.14546975685920915
134,Heavy Manufacturing,3000-3999,B-,0.031,0.14546975685920915
135,Light Manufacturing,2000-2999,B+,0.0137,0.18049082754897905
136,"Finance, Insurance & Real Estate",6000-6999,B+,0.0137,0.18049082754897905
137,Transportation,4000-4799,B+,0.0137,0.18049082754897905
138,Utilities,4900-4999,BBB+,0.0008,0.23529473269827877
139,Mining & Construction,1000-1999,B+,0.0137,0.18049082754897905
140,"Finance, Insurance & Real Estate",6000-6999,A-,0.0006,0.23645346402582096
141,Utilities,4900-4999,BBB,0.0007,0.23587264995090795
142,Utilities,4900-4999,CCC+,0.2387,0.12000078682219927
143,Wholesale & Retail Trade,5000-5999,B,0.0193,0.16571798396872045
144,Light Manufacturing,2000-2999,CCC+,0.2387,0.12000078682219927
145,Utilities,4900-4999,BB+,0.0024,0.22643045240605889
146,Heavy Manufacturing,3000-3999,BBB+,0.0008,0.23529473269827877
147,Heavy Manufacturing,3000-3999,BB+,0.0024,0.22643045240605889
148,Utilities,4900-4999,BB,0.005,0.21345609396856857
149,Utilities,4900-4999,BB,0.005,0.21345609396856857
150,"Finance, Insurance & Real Estate",6000-6999,B-,0.031,0.14546975685920915
151,Services,7000-7999,BB+,0.0024,0.22643045240605889
152,Wholesale & Retail Trade,5000-5999,BB-,0.0103,0.19170007135418848
153,"Finance, Insurance & Real Estate",6000-6999,BBB,0.0007,0.23587264995090795
154,Light Manufacturing,2000-2999,B+,0.0137,0.18049082754897905
155,"Finance, Insurance & Real Estate",6000-6999,BB,0.005,0.21345609396856857
156,Communications,4800-4899,BBB,0.0007,0.23587264995090795
157,Heavy Manufacturing,3000-3999,BB+,0.0024,0.22643045240605889
158,Communications,4800-4899,BB+,0.0024,0.22643045240605889
159,Communications,4800-4899,BB+,0.0024,0.22643045240605889
160,Mining & Construction,1000-1999,CCC,0.2387,0.12000078682219927
161,"Finance, Insurance & Real Estate",6000-6999,BB,0.005,0.21345609396856857
162,Wholesale & Retail Trade,5000-5999,BB+,0.0024,0.22643045240605889
163,"Finance, Insurance & Real Estate",6000-6999,A+,0.00065,0.2361626939797567
164,"Finance, Insurance & Real Estate",6000-6999,BBB,0.0007,0.23587264995090795
165,Light Manufacturing,2000-2999,BB+,0.0024,0.22643045240605889
166,Heavy Manufacturing,3000-3999,BBB-,0.002,0.22858049016431514
167,Services,7000-7999,CCC+,0.2387,0.12000078682219927
168,Mining & Construction,1000-1999,BB+,0.0024,0.22643045240605889
169,Heavy Manufacturing,3000-3999,CCC+,0.2387,0.12000078682219927
170,Transportation,4000-4799,BB,0.005,0.21345609396856857
171,Heavy Manufacturing,3000-3999,BB,0.005,0.21345609396856857
172,Utilities,4900-4999,BB,0.005,0.21345609396856857
173,"Finance, Insurance & Real Estate",6000-6999,BB,0.005,0.21345609396856857
174,Wholesale & Retail Trade,5000-5999,CCC,0.2387,0.12000078682219927
175,"Finance, Insurance & Real Estate",6000-6999,AA-,0.0007,0.23587264995090795
176,"Finance, Insurance & Real Estate",6000-6999,A+,0.00065,0.2361626939797567
177,Utilities,4900-4999,BBB-,0.002,0.22858049016431514
178,"Health, Legal & Educational Services",8000-8999,BB,0.005,0.21345609396856857
179,Wholesale & Retail Trade,5000-5999,B+,0.0137,0.18049082754897905
180,Communications,4800-4899,B+,0.0137,0.18049082754897905
181,Wholesale & Retail Trade,5000-5999,BB+,0.0024,0.22643045240605889
182,Wholesale & Retail Trade,5000-5999,B-,0.031,0.14546975685920915
183,Utilities,4900-4999,B-,0.031,0.14546975685920915
184,Heavy Manufacturing,3000-3999,BB-,0.0103,0.19170007135418848
185,Mining & Construction,1000-1999,B,0.0193,0.16571798396872045
186,Communications,4800-4899,BB-,0.0103,0.19170007135418848
187,Heavy Manufacturing,3000-3999,BBB-,0.002,0.22858049016431514
188,"Finance, Insurance & Real Estate",6000-6999,B+,0.0137,0.18049082754897905
189,Communications,4800-4899,BB,0.005,0.21345609396856857
190,Heavy Manufacturing,3000-3999,BB,0.005,0.21345609396856857
191,Wholesale & Retail Trade,5000-5999,CCC+,0.2387,0.12000078682219927
192,"Finance, Insurance & Real Estate",6000-6999,AA,0.000833,0.23510465324799737
193,"Finance, Insurance & Real Estate",6000-6999,A-,0.0006,0.23645346402582096
194,Services,7000-7999,BBB+,0.0008,0.23529473269827877
195,"Finance, Insurance & Real Estate",6000-6999,BB+,0.0024,0.22643045240605889
196,"Finance, Insurance & Real Estate",6000-6999,BB+,0.0024,0.22643045240605889
197,Light Manufacturing,2000-2999,A-,0.0006,0.23645346402582096
198,Services,7000-7999,BBB,0.0007,0.23587264995090795
199,"Finance, Insurance & Real Estate",6000-6999,BBB,0.0007,0.23587264995090795
200,Heavy Manufacturing,3000-3999,C,0.2387,0.12000078682219927
201,Mining & Construction,1000-1999,CCC,0.2387,0.12000078682219927
202,Transportation,4000-4799,BB+,0.0024,0.22643045240605889
203,Utilities,4900-4999,BB+,0.0024,0.22643045240605889
204,"Finance, Insurance & Real Estate",6000-6999,BBB+,0.0008,0.23529473269827877
205,"Finance, Insurance & Real Estate",6000-6999,A+,0.00065,0.2361626939797567
206,"Finance, Insurance & Real Estate",6000-6999,BB,0.005,0.21345609396856857
207,"Finance, Insurance & Real Estate",6000-6999,BBB,0.0007,0.23587264995090795
208,Communications,4800-4899,BB,0.005,0.21345609396856857
209,"Finance, Insurance & Real Estate",6000-6999,A,0.0006,0.23645346402582096
210,Utilities,4900-4999,BBB,0.0007,0.23587264995090795
211,Communications,4800-4899,BB-,0.0103,0.19170007135418848
212,Light Manufacturing,2000-2999,BB-,0.0103,0.19170007135418848
213,"Finance, Insurance & Real Estate",6000-6999,BB-,0.0103,0.19170007135418848
214,Mining & Construction,1000-1999,A-,0.0006,0.23645346402582096
215,Communications,4800-4899,B,0.0193,0.16571798396872045
216,Communications,4800-4899,BBB,0.0007,0.23587264995090795
217,"Finance, Insurance & Real Estate",6000-6999,B+,0.0137,0.18049082754897905
218,"Finance, Insurance & Real Estate",6000-6999,BB,0.005,0.21345609396856857
219,Wholesale & Retail Trade,5000-5999,A-,0.0006,0.23645346402582096
220,Heavy Manufacturing,3000-3999,BB+,0.0024,0.22643045240605889
221,Heavy Manufacturing,3000-3999,BB-,0.0103,0.19170007135418848
222,Utilities,4900-4999,B+,0.0137,0.18049082754897905
223,Communications,4800-4899,BB,0.005,0.21345609396856857
224,Transportation,4000-4799,CCC+,0.2387,0.12000078682219927
225,Heavy Manufacturing,3000-3999,B-,0.031,0.14546975685920915
226,Wholesale & Retail Trade,5000-5999,BB+,0.0024,0.22643045240605889
227,"Finance, Insurance & Real Estate",6000-6999,B,0.0193,0.16571798396872045
228,Light Manufacturing,2000-2999,CCC-,0.2387,0.12000078682219927
229,Light Manufacturing,2000-2999,CCC-,0.2387,0.12000078682219927
230,"Finance, Insurance & Real Estate",6000-6999,BBB+,0.0008,0.23529473269827877
231,"Finance, Insurance & Real Estate",6000-6999,BBB,0.0007,0.23587264995090795
232,Utilities,4900-4999,CCC+,0.2387,0.12000078682219927
233,Transportation,4000-4799,BBB+,0.0008,0.23529473269827877
234,Light Manufacturing,2000-2999,A-,0.0006,0.23645346402582096
235,Wholesale & Retail Trade,5000-5999,BBB-,0.002,0.22858049016431514
236,Mining & Construction,1000-1999,BB-,0.0103,0.19170007135418848
237,Utilities,4900-4999,BB,0.005,0.21345609396856857
238,Mining & Construction,1000-1999,BBB-,0.002,0.22858049016431514
239,"Finance, Insurance & Real Estate",6000-6999,BBB-,0.002,0.22858049016431514
240,"Finance, Insurance & Real Estate",6000-6999,BBB-,0.002,0.22858049016431514
241,Services,7000-7999,BBB,0.0007,0.23587264995090795
242,Mining & Construction,1000-1999,CC,0.2387,0.12000078682219927
243,"Finance, Insurance & Real Estate",6000-6999,BB-,0.0103,0.19170007135418848
244,Utilities,4900-4999,B,0.0193,0.16571798396872045
245,Light Manufacturing,2000-2999,BBB-,0.002,0.22858049016431514
246,Services,7000-7999,BB+,0.0024,0.22643045240605889
247,Light Manufacturing,2000-2999,BBB-,0.002,0.22858049016431514
248,Utilities,4900-4999,AA,0.000833,0.23510465324799737
249,Heavy Manufacturing,3000-3999,A-,0.0006,0.23645346402582096
250,Utilities,4900-4999,A,0.0006,0.23645346402582096
251,Communications,4800-4899,AA-,0.0007,0.23587264995090795
252,Services,7000-7999,BBB+,0.0008,0.23529473269827877
253,Utilities,4900-4999,CCC+,0.2387,0.12000078682219927
254,"Finance, Insurance & Real Estate",6000-6999,BB,0.005,0.21345609396856857
255,"Finance, Insurance & Real Estate",6000-6999,CCC+,0.2387,0.12000078682219927
256,Communications,4800-4899,BB-,0.0103,0.19170007135418848
257,Mining & Construction,1000-1999,B,0.0193,0.16571798396872045
258,"Finance, Insurance & Real Estate",6000-6999,BBB,0.0007,0.23587264995090795
259,"Finance, Insurance & Real Estate",6000-6999,B+,0.0137,0.18049082754897905
260,Light Manufacturing,2000-2999,B,0.0193,0.16571798396872045
261,"Finance, Insurance & Real Estate",6000-6999,BBB-,0.002,0.22858049016431514
262,Mining & Construction,1000-1999,B+,0.0137,0.18049082754897905
263,Heavy Manufacturing,3000-3999,B+,0.0137,0.18049082754897905
264,"Finance, Insurance & Real Estate",6000-6999,BBB-,0.002,0.22858049016431514
265,Wholesale & Retail Trade,5000-5999,BBB+,0.0008,0.23529473269827877
266,"Finance, Insurance & Real Estate",6000-6999,BBB+,0.0008,0.23529473269827877
267,Heavy Manufacturing,3000-3999,BB,0.005,0.21345609396856857
268,"Finance, Insurance & Real Estate",6000-6999,BB-,0.0103,0.19170007135418848
269,"Finance, Insurance & Real Estate",6000-6999,BBB,0.0007,0.23587264995090795
270,"Finance, Insurance & Real Estate",6000-6999,BB,0.005,0.21345609396856857
271,"Finance, Insurance & Real Estate",6000-6999,B+,0.0137,0.18049082754897905
272,"Finance, Insurance & Real Estate",6000-6999,B+,0.0137,0.18049082754897905
273,"Finance, Insurance & Real Estate",6000-6999,CCC+,0.2387,0.12000078682219927
274,Light Manufacturing,2000-2999,B-,0.031,0.14546975685920915
275,Communications,4800-4899,BBB+,0.0008,0.23529473269827877
276,Heavy Manufacturing,3000-3999,CCC,0.2387,0.12000078682219927
277,Heavy Manufacturing,3000-3999,BBB-,0.002,0.22858049016431514
278,Utilities,4900-4999,B-,0.031,0.14546975685920915
279,Services,7000-7999,BB,0.005,0.21345609396856857
280,Services,7000-7999,BB+,0.0024,0.22643045240605889
281,"Finance, Insurance & Real Estate",6000-6999,A,0.0006,0.23645346402582096
282,"Finance, Insurance & Real Estate",6000-6999,BB+,0.0024,0.22643045240605889
283,"Finance, Insurance & Real Estate",6000-6999,A-,0.0006,0.23645346402582096
284,"Finance, Insurance & Real Estate",6000-6999,B,0.0193,0.16571798396872045
285,Light Manufacturing,2000-2999,CCC+,0.2387,0.12000078682219927
286,Utilities,4900-4999,BBB,0.0007,0.23587264995090795
287,"Finance, Insurance & Real Estate",6000-6999,BB-,0.0103,0.19170007135418848
288,Heavy Manufacturing,3000-3999,BBB,0.0007,0.23587264995090795
289,Utilities,4900-4999,BBB-,0.002,0.22858049016431514
290,"Finance, Insurance & Real Estate",6000-6999,B,0.0193,0.16571798396872045
291,Services,7000-7999,BB,0.005,0.21345609396856857
292,"Finance, Insurance & Real Estate",6000-6999,CCC,0.2387,0.12000078682219927
293,Wholesale & Retail Trade,5000-5999,BBB-,0.002,0.22858049016431514
294,"Finance, Insurance & Real Estate",6000-6999,B,0.0193,0.16571798396872045
295,Services,7000-7999,BB,0.005,0.21345609396856857
296,Wholesale & Retail Trade,5000-5999,B,0.0193,0.16571798396872045
297,"Health, Legal & Educational Services",8000-8999,BBB-,0.002,0.22858049016431514
298,Mining & Construction,1000-1999,BB,0.005,0.21345609396856857
299,Mining & Construction,1000-1999,BB,0.005,0.21345609396856857
300,Light Manufacturing,2000-2999,BBB,0.0007,0.23587264995090795
301,Mining & Construction,1000-1999,B+,0.0137,0.18049082754897905
302,"Finance, Insurance & Real Estate",6000-6999,B+,0.0137,0.18049082754897905
303,Light Manufacturing,2000-2999,B+,0.0137,0.18049082754897905
304,Utilities,4900-4999,CCC+,0.2387,0.12000078682219927
305,Services,7000-7999,CCC+,0.2387,0.12000078682219927
306,Utilities,4900-4999,BB+,0.0024,0.22643045240605889
307,Heavy Manufacturing,3000-3999,BB-,0.0103,0.19170007135418848
308,Light Manufacturing,2000-2999,BBB-,0.002,0.22858049016431514
309,Heavy Manufacturing,3000-3999,BB,0.005,0.21345609396856857
310,"Finance, Insurance & Real Estate",6000-6999,BBB-,0.002,0.22858049016431514
311,Utilities,4900-4999,CCC,0.2387,0.12000078682219927
312,Utilities,4900-4999,BB-,0.0103,0.19170007135418848
313,"Finance, Insurance & Real Estate",6000-6999,BB+,0.0024,0.22643045240605889
314,Heavy Manufacturing,3000-3999,B-,0.031,0.14546975685920915
315,Heavy Manufacturing,3000-3999,AA-,0.0007,0.23587264995090795
316,Heavy Manufacturing,3000-3999,A+,0.00065,0.2361626939797567
317,Heavy Manufacturing,3000-3999,B,0.0193,0.16571798396872045
318,Communications,4800-4899,BB,0.005,0.21345609396856857
319,Heavy Manufacturing,3000-3999,BB-,0.0103,0.19170007135418848
320,Transportation,4000-4799,A-,0.0006,0.23645346402582096
321,Wholesale & Retail Trade,5000-5999,BB,0.005,0.21345609396856857
322,Utilities,4900-4999,CCC-,0.2387,0.12000078682219927
323,Heavy Manufacturing,3000-3999,B,0.0193,0.16571798396872045
324,Light Manufacturing,2000-2999,BB-,0.0103,0.19170007135418848
325,Services,7000-7999,BBB-,0.002,0.22858049016431514
326,Communications,4800-4899,BB+,0.0024,0.22643045240605889
327,Mining & Construction,1000-1999,A+,0.00065,0.2361626939797567
328,Light Manufacturing,2000-2999,BB-,0.0103,0.19170007135418848
329,Light Manufacturing,2000-2999,B,0.0193,0.16571798396872045
330,Heavy Manufacturing,3000-3999,A,0.0006,0.23645346402582096
331,Communications,4800-4899,BBB-,0.002,0.22858049016431514
332,"Finance, Insurance & Real Estate",6000-6999,BBB+,0.0008,0.23529473269827877
333,Communications,4800-4899,BBB,0.0007,0.23587264995090795
334,Services,7000-7999,BB,0.005,0.21345609396856857
335,"Finance, Insurance & Real Estate",6000-6999,A+,0.00065,0.2361626939797567
336,Light Manufacturing,2000-2999,B+,0.0137,0.18049082754897905
337,"Finance, Insurance & Real Estate",6000-6999,B,0.0193,0.16571798396872045
338,Communications,4800-4899,BB+,0.0024,0.22643045240605889
339,"Finance, Insurance & Real Estate",6000-6999,AA,0.000833,0.23510465324799737
340,Wholesale & Retail Trade,5000-5999,BBB,0.0007,0.23587264995090795
341,"Finance, Insurance & Real Estate",6000-6999,B-,0.031,0.14546975685920915
342,Transportation,4000-4799,AA+,0.000967,0.23433602983495938
343,Mining & Construction,1000-1999,BB+,0.0024,0.22643045240605889
344,Light Manufacturing,2000-2999,BBB+,0.0008,0.23529473269827877
345,Mining & Construction,1000-1999,B,0.0193,0.16571798396872045
346,Mining & Construction,1000-1999,BBB-,0.002,0.22858049016431514
347,Transportation,4000-4799,BB-,0.0103,0.19170007135418848
348,"Finance, Insurance & Real Estate",6000-6999,B+,0.0137,0.18049082754897905
349,Light Manufacturing,2000-2999,CCC,0.2387,0.12000078682219927
350,"Finance, Insurance & Real Estate",6000-6999,BB+,0.0024,0.22643045240605889
351,Light Manufacturing,2000-2999,BB-,0.0103,0.19170007135418848
352,"Finance, Insurance & Real Estate",6000-6999,A-,0.0006,0.23645346402582096
353,Light Manufacturing,2000-2999,B-,0.031,0.14546975685920915
354,Light Manufacturing,2000-2999,BBB,0.0007,0.23587264995090795
355,Utilities,4900-4999,BBB-,0.002,0.22858049016431514
356,Utilities,4900-4999,BB,0.005,0.21345609396856857
357,Mining & Construction,1000-1999,A-,0.0006,0.23645346402582096
358,Mining & Construction,1000-1999,BB-,0.0103,0.19170007135418848
359,Utilities,4900-4999,B,0.0193,0.16571798396872045
360,Light Manufacturing,2000-2999,BB-,0.0103,0.19170007135418848
361,Wholesale & Retail Trade,5000-5999,A,0.0006,0.23645346402582096
362,"Finance, Insurance & Real Estate",6000-6999,BB,0.005,0.21345609396856857
363,"Finance, Insurance & Real Estate",6000-6999,B,0.0193,0.16571798396872045
364,"Finance, Insurance & Real Estate",6000-6999,A+,0.00065,0.2361626939797567
365,Communications,4800-4899,BBB+,0.0008,0.23529473269827877
366,Utilities,4900-4999,B,0.0193,0.16571798396872045
367,Mining & Construction,1000-1999,BB-,0.0103,0.19170007135418848
368,Communications,4800-4899,BB-,0.0103,0.19170007135418848
369,Heavy Manufacturing,3000-3999,CCC-,0.2387,0.12000078682219927
370,Wholesale & Retail Trade,5000-5999,B+,0.0137,0.18049082754897905
371,Mining & Construction,1000-1999,B+,0.0137,0.18049082754897905
372,Heavy Manufacturing,3000-3999,C,0.2387,0.12000078682219927
373,Heavy Manufacturing,3000-3999,BB+,0.0024,0.22643045240605889
374,Heavy Manufacturing,3000-3999,BBB,0.0007,0.23587264995090795
375,"Finance, Insurance & Real Estate",6000-6999,BB-,0.0103,0.19170007135418848
376,"Finance, Insurance & Real Estate",6000-6999,B+,0.0137,0.18049082754897905
377,Wholesale & Retail Trade,5000-5999,BBB-,0.002,0.22858049016431514
378,Utilities,4900-4999,BBB+,0.0008,0.23529473269827877
379,Heavy Manufacturing,3000-3999,CC,0.2387,0.12000078682219927
380,Communications,4800-4899,BB-,0.0103,0.19170007135418848
381,Light Manufacturing,2000-2999,BBB,0.0007,0.23587264995090795
382,Wholesale & Retail Trade,5000-5999,B,0.0193,0.16571798396872045
383,Mining & Construction,1000-1999,BB,0.005,0.21345609396856857
384,Utilities,4900-4999,BB+,0.0024,0.22643045240605889
385,Heavy Manufacturing,3000-3999,B+,0.0137,0.18049082754897905
386,"Health, Legal & Educational Services",8000-8999,A-,0.0006,0.23645346402582096
387,Communications,4800-4899,BB-,0.0103,0.19170007135418848
388,Transportation,4000-4799,CCC-,0.2387,0.12000078682219927
389,"Finance, Insurance & Real Estate",6000-6999,B+,0.0137,0.18049082754897905
390,Services,7000-7999,BB+,0.0024,0.22643045240605889
391,Light Manufacturing,2000-2999,BBB-,0.002,0.22858049016431514
392,"Finance, Insurance & Real Estate",6000-6999,BB+,0.0024,0.22643045240605889
393,Light Manufacturing,2000-2999,BB+,0.0024,0.22643045240605889
394,Communications,4800-4899,BB+,0.0024,0.22643045240605889
395,"Finance, Insurance & Real Estate",6000-6999,B,0.0193,0.16571798396872045
396,Utilities,4900-4999,A,0.0006,0.23645346402582096
397,Mining & Construction,1000-1999,B,0.0193,0.16571798396872045
398,Heavy Manufacturing,3000-3999,BB+,0.0024,0.22643045240605889
399,Utilities,4900-4999,BB-,0.0103,0.19170007135418848
400,Utilities,4900-4999,BBB+,0.0008,0.23529473269827877
401,Heavy Manufacturing,3000-3999,CCC+,0.2387,0.12000078682219927
402,Wholesale & Retail Trade,5000-5999,B-,0.031,0.14546975685920915
403,Mining & Construction,1000-1999,B,0.0193,0.16571798396872045
404,"Finance, Insurance & Real Estate",6000-6999,A-,0.0006,0.23645346402582096
405,Public Administration,9000-9999,B,0.0193,0.16571798396872045
406,Services,7000-7999,BB-,0.0103,0.19170007135418848
407,Heavy Manufacturing,3000-3999,A,0.0006,0.23645346402582096
408,Services,7000-7999,BB,0.005,0.21345609396856857
409,"Finance, Insurance & Real Estate",6000-6999,BB-,0.0103,0.19170007135418848
410,Public Administration,9000-9999,B+,0.0137,0.18049082754897905
411,Communications,4800-4899,BB-,0.0103,0.19170007135418848
412,Communications,4800-4899,BB-,0.0103,0.19170007135418848
413,"Finance, Insurance & Real Estate",6000-6999,CCC+,0.2387,0.12000078682219927
414,Wholesale & Retail Trade,5000-5999,B-,0.031,0.14546975685920915
415,"Finance, Insurance & Real Estate",6000-6999,AA+,0.000967,0.23433602983495938
416,"Finance, Insurance & Real Estate",6000-6999,BB+,0.0024,0.22643045240605889
417,"Finance, Insurance & Real Estate",6000-6999,BB+,0.0024,0.22643045240605889
418,Mining & Construction,1000-1999,A,0.0006,0.23645346402582096
419,"Finance, Insurance & Real Estate",6000-6999,BB,0.005,0.21345609396856857
420,Wholesale & Retail Trade,5000-5999,B-,0.031,0.14546975685920915
421,Communications,4800-4899,BBB+,0.0008,0.23529473269827877
422,"Finance, Insurance & Real Estate",6000-6999,BB-,0.0103,0.19170007135418848
423,"Finance, Insurance & Real Estate",6000-6999,BBB,0.0007,0.23587264995090795
424,"Finance, Insurance & Real Estate",6000-6999,BBB-,0.002,0.22858049016431514
425,Light Manufacturing,2000-2999,CCC+,0.2387,0.12000078682219927
426,Mining & Construction,1000-1999,BBB-,0.002,0.22858049016431514
427,"Finance, Insurance & Real Estate",6000-6999,B+,0.0137,0.18049082754897905
428,Services,7000-7999,A+,0.00065,0.2361626939797567
429,"Finance, Insurance & Real Estate",6000-6999,CCC-,0.2387,0.12000078682219927
430,Mining & Construction,1000-1999,B+,0.0137,0.18049082754897905
431,Wholesale & Retail Trade,5000-5999,BB+,0.0024,0.22643045240605889
432,Mining & Construction,1000-1999,B+,0.0137,0.18049082754897905
433,Communications,4800-4899,A-,0.0006,0.23645346402582096
434,Services,7000-7999,B-,0.031,0.14546975685920915
435,"Finance, Insurance & Real Estate",6000-6999,BB+,0.0024,0.22643045240605889
436,"Finance, Insurance & Real Estate",6000-6999,BB+,0.0024,0.22643045240605889
437,"Finance, Insurance & Real Estate",6000-6999,BBB-,0.002,0.22858049016431514
438,Utilities,4900-4999,BBB-,0.002,0.22858049016431514
439,Communications,4800-4899,B+,0.0137,0.18049082754897905
440,Light Manufacturing,2000-2999,BB-,0.0103,0.19170007135418848
441,Services,7000-7999,B+,0.0137,0.18049082754897905
442,"Finance, Insurance & Real Estate",6000-6999,BB,0.005,0.21345609396856857
443,Communications,4800-4899,B+,0.0137,0.18049082754897905
444,"Finance, Insurance & Real Estate",6000-6999,BB+,0.0024,0.22643045240605889
445,Heavy Manufacturing,3000-3999,CC,0.2387,0.12000078682219927
446,Communications,4800-4899,A-,0.0006,0.23645346402582096
447,"Health, Legal & Educational Services",8000-8999,B-,0.031,0.14546975685920915
448,Light Manufacturing,2000-2999,CCC+,0.2387,0.12000078682219927
449,"Finance, Insurance & Real Estate",6000-6999,BBB,0.0007,0.23587264995090795
450,Light Manufacturing,2000-2999,CC,0.2387,0.12000078682219927
451,"Finance, Insurance & Real Estate",6000-6999,B,0.0193,0.16571798396872045
452,Services,7000-7999,B,0.0193,0.16571798396872045
453,Communications,4800-4899,BB,0.005,0.21345609396856857
454,"Finance, Insurance & Real Estate",6000-6999,BB+,0.0024,0.22643045240605889
455,"Finance, Insurance & Real Estate",6000-6999,BB+,0.0024,0.22643045240605889
456,"Finance, Insurance & Real Estate",6000-6999,BB-,0.0103,0.19170007135418848
457,"Health, Legal & Educational Services",8000-8999,CCC+,0.2387,0.12000078682219927
458,Utilities,4900-4999,BB-,0.0103,0.19170007135418848
459,Mining & Construction,1000-1999,BBB,0.0007,0.23587264995090795
460,Light Manufacturing,2000-2999,B,0.0193,0.16571798396872045
461,Light Manufacturing,2000-2999,B,0.0193,0.16571798396872045
462,"Finance, Insurance & Real Estate",6000-6999,B+,0.0137,0.18049082754897905
463,Transportation,4000-4799,B,0.0193,0.16571798396872045
464,Heavy Manufacturing,3000-3999,BB+,0.0024,0.22643045240605889
465,Light Manufacturing,2000-2999,BBB,0.0007,0.23587264995090795
466,Communications,4800-4899,BBB,0.0007,0.23587264995090795
467,Communications,4800-4899,A,0.0006,0.23645346402582096
468,Wholesale & Retail Trade,5000-5999,BB-,0.0103,0.19170007135418848
469,"Finance, Insurance & Real Estate",6000-6999,BB,0.005,0.21345609396856857
470,Utilities,4900-4999,BBB-,0.002,0.22858049016431514
471,Heavy Manufacturing,3000-3999,AA+,0.000967,0.23433602983495938
472,Utilities,4900-4999,BBB+,0.0008,0.23529473269827877
473,"Finance, Insurance & Real Estate",6000-6999,B-,0.031,0.14546975685920915
474,"Finance, Insurance & Real Estate",6000-6999,BBB-,0.002,0.22858049016431514
475,Heavy Manufacturing,3000-3999,BB-,0.0103,0.19170007135418848
476,Heavy Manufacturing,3000-3999,A-,0.0006,0.23645346402582096
477,Utilities,4900-4999,CCC+,0.2387,0.12000078682219927
478,Light Manufacturing,2000-2999,BB+,0.0024,0.22643045240605889
479,Light Manufacturing,2000-2999,BB-,0.0103,0.19170007135418848
480,Heavy Manufacturing,3000-3999,CC,0.2387,0.12000078682219927
481,Heavy Manufacturing,3000-3999,CCC+,0.2387,0.12000078682219927
482,"Finance, Insurance & Real Estate",6000-6999,BB+,0.0024,0.22643045240605889
483,Light Manufacturing,2000-2999,BBB-,0.002,0.22858049016431514
484,Heavy Manufacturing,3000-3999,BB+,0.0024,0.22643045240605889
485,"Finance, Insurance & Real Estate",6000-6999,B+,0.0137,0.18049082754897905
486,Utilities,4900-4999,BB,0.005,0.21345609396856857
487,Utilities,4900-4999,BB+,0.0024,0.22643045240605889
488,"Finance, Insurance & Real Estate",6000-6999,CCC+,0.2387,0.12000078682219927
489,Light Manufacturing,2000-2999,BB,0.005,0.21345609396856857
490,Light Manufacturing,2000-2999,CC,0.2387,0.12000078682219927
491,Communications,4800-4899,BB,0.005,0.21345609396856857
492,Light Manufacturing,2000-2999,CCC,0.2387,0.12000078682219927
493,Communications,4800-4899,BB-,0.0103,0.19170007135418848
494,Heavy Manufacturing,3000-3999,B,0.0193,0.16571798396872045
495,Mining & Construction,1000-1999,BBB,0.0007,0.23587264995090795
496,Light Manufacturing,2000-2999,BBB,0.0007,0.23587264995090795
497,Utilities,4900-4999,B+,0.0137,0.18049082754897905
498,Light Manufacturing,2000-2999,B,0.0193,0.16571798396872045
499,Heavy Manufacturing,3000-3999,BB,0.005,0.21345609396856857
500,Utilities,4900-4999,A-,0.0006,0.23645346402582096
501,Communications,4800-4899,A-,0.0006,0.23645346402582096
502,Wholesale & Retail Trade,5000-5999,A-,0.0006,0.23645346402582096
503,Wholesale & Retail Trade,5000-5999,A,0.0006,0.23645346402582096
504,Utilities,4900-4999,BB,0.005,0.21345609396856857
505,Utilities,4900-4999,B-,0.031,0.14546975685920915
506,Mining & Construction,1000-1999,BB,0.005,0.21345609396856857
507,Heavy Manufacturing,3000-3999,AA-,0.0007,0.23587264995090795
508,Services,7000-7999,BB+,0.0024,0.22643045240605889
509,Utilities,4900-4999,BB+,0.0024,0.22643045240605889
510,"Finance, Insurance & Real Estate",6000-6999,CCC-,0.2387,0.12000078682219927
511,"Finance, Insurance & Real Estate",6000-6999,A-,0.0006,0.23645346402582096
512,Services,7000-7999,BB+,0.0024,0.22643045240605889
513,"Finance, Insurance & Real Estate",6000-6999,CCC,0.2387,0.12000078682219927
514,Heavy Manufacturing,3000-3999,B+,0.0137,0.18049082754897905
515,Heavy Manufacturing,3000-3999,B+,0.0137,0.18049082754897905
516,"Finance, Insurance & Real Estate",6000-6999,BB,0.005,0.21345609396856857
517,Heavy Manufacturing,3000-3999,BB-,0.0103,0.19170007135418848
518,Communications,4800-4899,B,0.0193,0.16571798396872045
519,"Finance, Insurance & Real Estate",6000-6999,BBB,0.0007,0.23587264995090795
520,Services,7000-7999,B,0.0193,0.16571798396872045
521,Services,7000-7999,A-,0.0006,0.23645346402582096
522,Heavy Manufacturing,3000-3999,BB-,0.0103,0.19170007135418848
523,"Finance, Insurance & Real Estate",6000-6999,BB-,0.0103,0.19170007135418848
524,Light Manufacturing,2000-2999,BBB-,0.002,0.22858049016431514
525,"Finance, Insurance & Real Estate",6000-6999,BB,0.005,0.21345609396856857
526,Heavy Manufacturing,3000-3999,BBB-,0.002,0.22858049016431514
527,Transportation,4000-4799,BBB+,0.0008,0.23529473269827877
528,Public Administration,9000-9999,BB+,0.0024,0.22643045240605889
529,Mining & Construction,1000-1999,BBB+,0.0008,0.23529473269827877
530,Heavy Manufacturing,3000-3999,BB-,0.0103,0.19170007135418848
531,Communications,4800-4899,BBB+,0.0008,0.23529473269827877
532,Communications,4800-4899,B+,0.0137,0.18049082754897905
533,Heavy Manufacturing,3000-3999,BBB+,0.0008,0.23529473269827877
534,Light Manufacturing,2000-2999,BBB-,0.002,0.22858049016431514
535,"Finance, Insurance & Real Estate",6000-6999,BBB-,0.002,0.22858049016431514
536,"Finance, Insurance & Real Estate",6000-6999,CCC+,0.2387,0.12000078682219927
537,Utilities,4900-4999,BB-,0.0103,0.19170007135418848
538,"Finance, Insurance & Real Estate",6000-6999,BB+,0.0024,0.22643045240605889
539,"Finance, Insurance & Real Estate",6000-6999,B+,0.0137,0.18049082754897905
540,Services,7000-7999,A+,0.00065,0.2361626939797567
541,"Health, Legal & Educational Services",8000-8999,BB,0.005,0.21345609396856857
542,Light Manufacturing,2000-2999,CCC-,0.2387,0.12000078682219927
543,Services,7000-7999,BB,0.005,0.21345609396856857
544,"Health, Legal & Educational Services",8000-8999,BB,0.005,0.21345609396856857
545,"Finance, Insurance & Real Estate",6000-6999,B+,0.0137,0.18049082754897905
546,Utilities,4900-4999,B,0.0193,0.16571798396872045
547,Heavy Manufacturing,3000-3999,A+,0.00065,0.2361626939797567
548,"Finance, Insurance & Real Estate",6000-6999,A,0.0006,0.23645346402582096
549,Communications,4800-4899,BB-,0.0103,0.19170007135418848
550,Utilities,4900-4999,BBB,0.0007,0.23587264995090795
551,Utilities,4900-4999,CCC+,0.2387,0.12000078682219927
552,"Finance, Insurance & Real Estate",6000-6999,BB+,0.0024,0.22643045240605889
553,"Finance, Insurance & Real Estate",6000-6999,A+,0.00065,0.2361626939797567
554,Wholesale & Retail Trade,5000-5999,BBB+,0.0008,0.23529473269827877
555,"Finance, Insurance & Real Estate",6000-6999,AA+,0.000967,0.23433602983495938
556,"Finance, Insurance & Real Estate",6000-6999,BB+,0.0024,0.22643045240605889
557,Heavy Manufacturing,3000-3999,BB+,0.0024,0.22643045240605889
558,Utilities,4900-4999,BB+,0.0024,0.22643045240605889
559,Light Manufacturing,2000-2999,B-,0.031,0.14546975685920915
560,Utilities,4900-4999,B-,0.031,0.14546975685920915
561,"Finance, Insurance & Real Estate",6000-6999,BB+,0.0024,0.22643045240605889
562,"Finance, Insurance & Real Estate",6000-6999,A+,0.00065,0.2361626939797567
563,Services,7000-7999,B+,0.0137,0.18049082754897905
564,Light Manufacturing,2000-2999,B+,0.0137,0.18049082754897905
565,Communications,4800-4899,BB-,0.0103,0.19170007135418848
566,Communications,4800-4899,B,0.0193,0.16571798396872045
567,Mining & Construction,1000-1999,BBB+,0.0008,0.23529473269827877
568,"Finance, Insurance & Real Estate",6000-6999,CCC-,0.2387,0.12000078682219927
569,Heavy Manufacturing,3000-3999,BBB,0.0007,0.23587264995090795
570,Light Manufacturing,2000-2999,B,0.0193,0.16571798396872045
571,Heavy Manufacturing,3000-3999,A,0.0006,0.23645346402582096
572,Services,7000-7999,BBB,0.0007,0.23587264995090795
573,Utilities,4900-4999,CCC+,0.2387,0.12000078682219927
574,Mining & Construction,1000-1999,BB+,0.0024,0.22643045240605889
575,Services,7000-7999,B,0.0193,0.16571798396872045
576,Utilities,4900-4999,BB-,0.0103,0.19170007135418848
577,Wholesale & Retail Trade,5000-5999,BB,0.005,0.21345609396856857
578,Light Manufacturing,2000-2999,CCC+,0.2387,0.12000078682219927
579,Services,7000-7999,BB+,0.0024,0.22643045240605889
580,Heavy Manufacturing,3000-3999,A,0.0006,0.23645346402582096
581,Utilities,4900-4999,BBB,0.0007,0.23587264995090795
582,Light Manufacturing,2000-2999,B+,0.0137,0.18049082754897905
583,"Finance, Insurance & Real Estate",6000-6999,BB-,0.0103,0.19170007135418848
584,Heavy Manufacturing,3000-3999,A-,0.0006,0.23645346402582096
585,Wholesale & Retail Trade,5000-5999,BBB,0.0007,0.23587264995090795
586,Light Manufacturing,2000-2999,BBB-,0.002,0.22858049016431514
587,"Finance, Insurance & Real Estate",6000-6999,BB+,0.0024,0.22643045240605889
588,Heavy Manufacturing,3000-3999,A-,0.0006,0.23645346402582096
589,"Finance, Insurance & Real Estate",6000-6999,BBB-,0.002,0.22858049016431514
590,"Finance, Insurance & Real Estate",6000-6999,BBB,0.0007,0.23587264995090795
591,Wholesale & Retail Trade,5000-5999,B,0.0193,0.16571798396872045
592,Utilities,4900-4999,B,0.0193,0.16571798396872045
593,Heavy Manufacturing,3000-3999,BB+,0.0024,0.22643045240605889
594,Light Manufacturing,2000-2999,BB+,0.0024,0.22643045240605889
595,"Finance, Insurance & Real Estate",6000-6999,BB,0.005,0.21345609396856857
596,Heavy Manufacturing,3000-3999,BBB,0.0007,0.23587264995090795
597,Communications,4800-4899,BBB+,0.0008,0.23529473269827877
598,Light Manufacturing,2000-2999,BBB,0.0007,0.23587264995090795
599,"Health, Legal & Educational Services",8000-8999,BBB-,0.002,0.22858049016431514
600,Light Manufacturing,2000-2999,BBB+,0.0008,0.23529473269827877
601,Utilities,4900-4999,BB-,0.0103,0.19170007135418848
602,Mining & Construction,1000-1999,B,0.0193,0.16571798396872045
603,Wholesale & Retail Trade,5000-5999,A,0.0006,0.23645346402582096
604,Communications,4800-4899,BB,0.005,0.21345609396856857
605,Transportation,4000-4799,BB+,0.0024,0.22643045240605889
606,Mining & Construction,1000-1999,BB-,0.0103,0.19170007135418848
607,Services,7000-7999,BB,0.005,0.21345609396856857
608,"Finance, Insurance & Real Estate",6000-6999,A-,0.0006,0.23645346402582096
609,Communications,4800-4899,BBB+,0.0008,0.23529473269827877
610,Utilities,4900-4999,BB,0.005,0.21345609396856857
611,Light Manufacturing,2000-2999,B-,0.031,0.14546975685920915
612,Communications,4800-4899,AA-,0.0007,0.23587264995090795
613,Transportation,4000-4799,BB-,0.0103,0.19170007135418848
614,"Health, Legal & Educational Services",8000-8999,B-,0.031,0.14546975685920915
615,Heavy Manufacturing,3000-3999,BB+,0.0024,0.22643045240605889
616,Communications,4800-4899,B+,0.0137,0.18049082754897905
617,Communications,4800-4899,BBB-,0.002,0.22858049016431514
618,Heavy Manufacturing,3000-3999,BB,0.005,0.21345609396856857
619,"Finance, Insurance & Real Estate",6000-6999,A,0.0006,0.23645346402582096
620,"Finance, Insurance & Real Estate",6000-6999,AA-,0.0007,0.23587264995090795
621,Mining & Construction,1000-1999,B,0.0193,0.16571798396872045
622,Utilities,4900-4999,BBB,0.0007,0.23587264995090795
623,"Health, Legal & Educational Services",8000-8999,BBB-,0.002,0.22858049016431514
624,Utilities,4900-4999,A-,0.0006,0.23645346402582096
625,"Health, Legal & Educational Services",8000-8999,A-,0.0006,0.23645346402582096
626,Heavy Manufacturing,3000-3999,BB+,0.0024,0.22643045240605889
627,Mining & Construction,1000-1999,BBB,0.0007,0.23587264995090795
628,"Finance, Insurance & Real Estate",6000-6999,BB-,0.0103,0.19170007135418848
629,Light Manufacturing,2000-2999,B+,0.0137,0.18049082754897905
630,Mining & Construction,1000-1999,BB-,0.0103,0.19170007135418848
631,Wholesale & Retail Trade,5000-5999,BB-,0.0103,0.19170007135418848
632,Mining & Construction,1000-1999,CCC,0.2387,0.12000078682219927
633,"Finance, Insurance & Real Estate",6000-6999,BBB+,0.0008,0.23529473269827877
634,Heavy Manufacturing,3000-3999,BB,0.005,0.21345609396856857
635,"Finance, Insurance & Real Estate",6000-6999,B-,0.031,0.14546975685920915
636,"Finance, Insurance & Real Estate",6000-6999,B-,0.031,0.14546975685920915
637,Communications,4800-4899,A-,0.0006,0.23645346402582096
638,Communications,4800-4899,BB+,0.0024,0.22643045240605889
639,Mining & Construction,1000-1999,CCC+,0.2387,0.12000078682219927
640,Services,7000-7999,B+,0.0137,0.18049082754897905
641,Communications,4800-4899,BB-,0.0103,0.19170007135418848
642,Mining & Construction,1000-1999,BB+,0.0024,0.22643045240605889
643,"Finance, Insurance & Real Estate",6000-6999,BB+,0.0024,0.22643045240605889
644,"Finance, Insurance & Real Estate",6000-6999,BB-,0.0103,0.19170007135418848
645,Light Manufacturing,2000-2999,BB+,0.0024,0.22643045240605889
646,Services,7000-7999,BB,0.005,0.21345609396856857
647,"Finance, Insurance & Real Estate",6000-6999,BB,0.005,0.21345609396856857
648,Utilities,4900-4999,BBB-,0.002,0.22858049016431514
649,Communications,4800-4899,B+,0.0137,0.18049082754897905
650,"Finance, Insurance & Real Estate",6000-6999,D,1.0,0.12
651,Heavy Manufacturing,3000-3999,A,0.0006,0.23645346402582096
652,Wholesale & Retail Trade,5000-5999,BB-,0.0103,0.19170007135418848
653,Communications,4800-4899,BBB,0.0007,0.23587264995090795
654,"Finance, Insurance & Real Estate",6000-6999,B+,0.0137,0.18049082754897905
655,Services,7000-7999,BB,0.005,0.21345609396856857
656,Heavy Manufacturing,3000-3999,B,0.0193,0.16571798396872045
657,Services,7000-7999,B-,0.031,0.14546975685920915
658,Heavy Manufacturing,3000-3999,BB-,0.0103,0.19170007135418848
659,Light Manufacturing,2000-2999,B-,0.031,0.14546975685920915
660,Heavy Manufacturing,3000-3999,AA-,0.0007,0.23587264995090795
661,Heavy Manufacturing,3000-3999,CCC,0.2387,0.12000078682219927
662,Wholesale & Retail Trade,5000-5999,BB-,0.0103,0.19170007135418848
663,"Finance, Insurance & Real Estate",6000-6999,B-,0.031,0.14546975685920915
664,"Finance, Insurance & Real Estate",6000-6999,BBB+,0.0008,0.23529473269827877
665,Heavy Manufacturing,3000-3999,BBB,0.0007,0.23587264995090795
666,Communications,4800-4899,BB-,0.0103,0.19170007135418848
667,Mining & Construction,1000-1999,BB,0.005,0.21345609396856857
668,Public Administration,9000-9999,BB-,0.0103,0.19170007135418848
669,Heavy Manufacturing,3000-3999,B-,0.031,0.14546975685920915
670,Heavy Manufacturing,3000-3999,A,0.0006,0.23645346402582096
671,"Finance, Insurance & Real Estate",6000-6999,B,0.0193,0.16571798396872045
672,Light Manufacturing,2000-2999,BB,0.005,0.21345609396856857
673,Public Administration,9000-9999,BB+,0.0024,0.22643045240605889
674,Communications,4800-4899,A-,0.0006,0.23645346402582096
675,Light Manufacturing,2000-2999,B+,0.0137,0.18049082754897905
676,Heavy Manufacturing,3000-3999,AA-,0.0007,0.23587264995090795
677,Wholesale & Retail Trade,5000-5999,B+,0.0137,0.18049082754897905
678,Utilities,4900-4999,A-,0.0006,0.23645346402582096
679,"Finance, Insurance & Real Estate",6000-6999,BB,0.005,0.21345609396856857
680,Heavy Manufacturing,3000-3999,BB,0.005,0.21345609396856857
681,"Finance, Insurance & Real Estate",6000-6999,B-,0.031,0.14546975685920915
682,"Finance, Insurance & Real Estate",6000-6999,BB+,0.0024,0.22643045240605889
683,"Finance, Insurance & Real Estate",6000-6999,BBB-,0.002,0.22858049016431514
684,Utilities,4900-4999,BBB-,0.002,0.22858049016431514
685,Light Manufacturing,2000-2999,B-,0.031,0.14546975685920915
686,Heavy Manufacturing,3000-3999,B+,0.0137,0.18049082754897905
687,Utilities,4900-4999,BB+,0.0024,0.22643045240605889
688,Transportation,4000-4799,BB+,0.0024,0.22643045240605889
689,Communications,4800-4899,A-,0.0006,0.23645346402582096
690,Light Manufacturing,2000-2999,BB-,0.0103,0.19170007135418848
691,Heavy Manufacturing,3000-3999,A,0.0006,0.23645346402582096
692,Wholesale & Retail Trade,5000-5999,B,0.0193,0.16571798396872045
693,"Finance, Insurance & Real Estate",6000-6999,BB,0.005,0.21345609396856857
694,Heavy Manufacturing,3000-3999,CC,0.2387,0.12000078682219927
695,Wholesale & Retail Trade,5000-5999,BBB+,0.0008,0.23529473269827877
696,Utilities,4900-4999,BB,0.005,0.21345609396856857
697,Communications,4800-4899,CCC,0.2387,0.12000078682219927
698,Light Manufacturing,2000-2999,B-,0.031,0.14546975685920915
699,Communications,4800-4899,BBB-,0.002,0.22858049016431514
700,Heavy Manufacturing,3000-3999,BB-,0.0103,0.19170007135418848
701,"Finance, Insurance & Real Estate",6000-6999,BB,0.005,0.21345609396856857
702,Heavy Manufacturing,3000-3999,BB-,0.0103,0.19170007135418848
703,"Finance, Insurance & Real Estate",6000-6999,BBB-,0.002,0.22858049016431514
704,Services,7000-7999,BB,0.005,0.21345609396856857
705,Heavy Manufacturing,3000-3999,A,0.0006,0.23645346402582096
706,Light Manufacturing,2000-2999,BB,0.005,0.21345609396856857
707,Mining & Construction,1000-1999,B+,0.0137,0.18049082754897905
708,Mining & Construction,1000-1999,BB+,0.0024,0.22643045240605889
709,Utilities,4900-4999,A,0.0006,0.23645346402582096
710,Utilities,4900-4999,B,0.0193,0.16571798396872045
711,Public Administration,9000-9999,BB-,0.0103,0.19170007135418848
712,Communications,4800-4899,BBB,0.0007,0.23587264995090795
713,Mining & Construction,1000-1999,BB+,0.0024,0.22643045240605889
714,Wholesale & Retail Trade,5000-5999,A-,0.0006,0.23645346402582096
715,Mining & Construction,1000-1999,BBB+,0.0008,0.23529473269827877
716,"Finance, Insurance & Real Estate",6000-6999,BBB-,0.002,0.22858049016431514
717,Light Manufacturing,2000-2999,B-,0.031,0.14546975685920915
718,"Finance, Insurance & Real Estate",6000-6999,BBB-,0.002,0.22858049016431514
719,Communications,4800-4899,B+,0.0137,0.18049082754897905
720,Transportation,4000-4799,BBB-,0.002,0.22858049016431514
721,Utilities,4900-4999,BB-,0.0103,0.19170007135418848
722,Utilities,4900-4999,BB,0.005,0.21345609396856857
723,"Finance, Insurance & Real Estate",6000-6999,B,0.0193,0.16571798396872045
724,Transportation,4000-4799,BBB-,0.002,0.22858049016431514
725,"Finance, Insurance & Real Estate",6000-6999,A,0.0006,0.23645346402582096
726,"Finance, Insurance & Real Estate",6000-6999,A-,0.0006,0.23645346402582096
727,"Finance, Insurance & Real Estate",6000-6999,BBB-,0.002,0.22858049016431514
728,"Finance, Insurance & Real Estate",6000-6999,BBB+,0.0008,0.23529473269827877
729,Utilities,4900-4999,BB-,0.0103,0.19170007135418848
730,Utilities,4900-4999,BBB-,0.002,0.22858049016431514
731,Heavy Manufacturing,3000-3999,CC,0.2387,0.12000078682219927
732,"Finance, Insurance & Real Estate",6000-6999,A,0.0006,0.23645346402582096
733,"Finance, Insurance & Real Estate",6000-6999,BB-,0.0103,0.19170007135418848
734,Heavy Manufacturing,3000-3999,BBB+,0.0008,0.23529473269827877
735,"Finance, Insurance & Real Estate",6000-6999,BBB-,0.002,0.22858049016431514
736,Communications,4800-4899,BB,0.005,0.21345609396856857
737,"Finance, Insurance & Real Estate",6000-6999,AA-,0.0007,0.23587264995090795
738,Heavy Manufacturing,3000-3999,BB-,0.0103,0.19170007135418848
739,Heavy Manufacturing,3000-3999,CCC-,0.2387,0.12000078682219927
740,Utilities,4900-4999,BBB-,0.002,0.22858049016431514
741,"Finance, Insurance & Real Estate",6000-6999,BB-,0.0103,0.19170007135418848
742,"Finance, Insurance & Real Estate",6000-6999,B-,0.031,0.14546975685920915
743,Services,7000-7999,BB+,0.0024,0.22643045240605889
744,"Finance, Insurance & Real Estate",6000-6999,BBB-,0.002,0.22858049016431514
745,Utilities,4900-4999,AA-,0.0007,0.23587264995090795
746,Utilities,4900-4999,B+,0.0137,0.18049082754897905
747,Heavy Manufacturing,3000-3999,BB,0.005,0.21345609396856857
748,Utilities,4900-4999,BBB+,0.0008,0.23529473269827877
749,Mining & Construction,1000-1999,BB,0.005,0.21345609396856857
750,Services,7000-7999,BBB-,0.002,0.22858049016431514
751,Heavy Manufacturing,3000-3999,BBB-,0.002,0.22858049016431514
752,Heavy Manufacturing,3000-3999,B+,0.0137,0.18049082754897905
753,"Finance, Insurance & Real Estate",6000-6999,A-,0.0006,0.23645346402582096
754,Utilities,4900-4999,B-,0.031,0.14546975685920915
755,Communications,4800-4899,A-,0.0006,0.23645346402582096
756,"Finance, Insurance & Real Estate",6000-6999,BBB-,0.002,0.22858049016431514
757,Heavy Manufacturing,3000-3999,CCC-,0.2387,0.12000078682219927
758,Wholesale & Retail Trade,5000-5999,B-,0.031,0.14546975685920915
759,"Finance, Insurance & Real Estate",6000-6999,BB,0.005,0.21345609396856857
760,Utilities,4900-4999,BBB,0.0007,0.23587264995090795
761,Communications,4800-4899,BBB-,0.002,0.22858049016431514
762,"Finance, Insurance & Real Estate",6000-6999,BB,0.005,0.21345609396856857
763,"Finance, Insurance & Real Estate",6000-6999,BB,0.005,0.21345609396856857
764,"Finance, Insurance & Real Estate",6000-6999,BB,0.005,0.21345609396856857
765,Wholesale & Retail Trade,5000-5999,BB,0.005,0.21345609396856857
766,"Finance, Insurance & Real Estate",6000-6999,BB+,0.0024,0.22643045240605889
767,"Finance, Insurance & Real Estate",6000-6999,A-,0.0006,0.23645346402582096
768,"Finance, Insurance & Real Estate",6000-6999,BBB-,0.002,0.22858049016431514
769,"Finance, Insurance & Real Estate",6000-6999,B,0.0193,0.16571798396872045
770,Light Manufacturing,2000-2999,A-,0.0006,0.23645346402582096
771,"Finance, Insurance & Real Estate",6000-6999,BB+,0.0024,0.22643045240605889
772,Light Manufacturing,2000-2999,BBB,0.0007,0.23587264995090795
773,Light Manufacturing,2000-2999,BB,0.005,0.21345609396856857
774,Services,7000-7999,BB+,0.0024,0.22643045240605889
775,"Finance, Insurance & Real Estate",6000-6999,CCC+,0.2387,0.12000078682219927
776,Services,7000-7999,B+,0.0137,0.18049082754897905
777,Light Manufacturing,2000-2999,A-,0.0006,0.23645346402582096
778,"Finance, Insurance & Real Estate",6000-6999,B+,0.0137,0.18049082754897905
779,Mining & Construction,1000-1999,BBB,0.0007,0.23587264995090795
780,Services,7000-7999,BBB-,0.002,0.22858049016431514
781,"Finance, Insurance & Real Estate",6000-6999,BB-,0.0103,0.19170007135418848
782,Wholesale & Retail Trade,5000-5999,BBB-,0.002,0.22858049016431514
783,Utilities,4900-4999,B,0.0193,0.16571798396872045
784,Light Manufacturing,2000-2999,BBB,0.0007,0.23587264995090795
785,"Health, Legal & Educational Services",8000-8999,BBB-,0.002,0.22858049016431514
786,Heavy Manufacturing,3000-3999,BBB-,0.002,0.22858049016431514
787,Mining & Construction,1000-1999,BBB-,0.002,0.22858049016431514
788,Heavy Manufacturing,3000-3999,B-,0.031,0.14546975685920915
789,Mining & Construction,1000-1999,B+,0.0137,0.18049082754897905
790,Light Manufacturing,2000-2999,CCC,0.2387,0.12000078682219927
791,"Finance, Insurance & Real Estate",6000-6999,CC,0.2387,0.12000078682219927
792,Utilities,4900-4999,BBB+,0.0008,0.23529473269827877
793,Heavy Manufacturing,3000-3999,BB,0.005,0.21345609396856857
794,"Finance, Insurance & Real Estate",6000-6999,BBB+,0.0008,0.23529473269827877
795,"Finance, Insurance & Real Estate",6000-6999,BBB,0.0007,0.23587264995090795
796,Heavy Manufacturing,3000-3999,BBB-,0.002,0.22858049016431514
797,"Finance, Insurance & Real Estate",6000-6999,BBB+,0.0008,0.23529473269827877
798,"Finance, Insurance & Real Estate",6000-6999,BBB+,0.0008,0.23529473269827877
799,Communications,4800-4899,BB+,0.0024,0.22643045240605889
800,Communications,4800-4899,BBB+,0.0008,0.23529473269827877
801,Communications,4800-4899,B,0.0193,0.16571798396872045
802,Heavy Manufacturing,3000-3999,BBB,0.0007,0.23587264995090795
803,Wholesale & Retail Trade,5000-5999,D,1.0,0.12
804,Light Manufacturing,2000-2999,BBB-,0.002,0.22858049016431514
805,"Finance, Insurance & Real Estate",6000-6999,BB,0.005,0.21345609396856857
806,"Finance, Insurance & Real Estate",6000-6999,A-,0.0006,0.23645346402582096
807,Communications,4800-4899,CCC,0.2387,0.12000078682219927
808,"Finance, Insurance & Real Estate",6000-6999,B-,0.031,0.14546975685920915
809,Utilities,4900-4999,BB-,0.0103,0.19170007135418848
810,"Health, Legal & Educational Services",8000-8999,A-,0.0006,0.23645346402582096
811,"Finance, Insurance & Real Estate",6000-6999,BB-,0.0103,0.19170007135418848
812,"Finance, Insurance & Real Estate",6000-6999,BBB+,0.0008,0.23529473269827877
813,Public Administration,9000-9999,CCC+,0.2387,0.12000078682219927
814,Light Manufacturing,2000-2999,B,0.0193,0.16571798396872045
815,"Finance, Insurance & Real Estate",6000-6999,BB,0.005,0.21345609396856857
816,Wholesale & Retail Trade,5000-5999,AA,0.000833,0.23510465324799737
817,Services,7000-7999,BBB,0.0007,0.23587264995090795
818,Light Manufacturing,2000-2999,B+,0.0137,0.18049082754897905
819,Light Manufacturing,2000-2999,B-,0.031,0.14546975685920915
820,Heavy Manufacturing,3000-3999,B-,0.031,0.14546975685920915
821,"Finance, Insurance & Real Estate",6000-6999,A,0.0006,0.23645346402582096
822,Light Manufacturing,2000-2999,BB-,0.0103,0.19170007135418848
823,Heavy Manufacturing,3000-3999,B-,0.031,0.14546975685920915
824,Communications,4800-4899,A,0.0006,0.23645346402582096
825,Services,7000-7999,BB,0.005,0.21345609396856857
826,"Finance, Insurance & Real Estate",6000-6999,BB-,0.0103,0.19170007135418848
827,Light Manufacturing,2000-2999,BB+,0.0024,0.22643045240605889
828,"Finance, Insurance & Real Estate",6000-6999,A,0.0006,0.23645346402582096
829,Services,7000-7999,BB+,0.0024,0.22643045240605889
830,"Finance, Insurance & Real Estate",6000-6999,BB+,0.0024,0.22643045240605889
831,Light Manufacturing,2000-2999,BB+,0.0024,0.22643045240605889
832,Light Manufacturing,2000-2999,BBB-,0.002,0.22858049016431514
833,Heavy Manufacturing,3000-3999,BBB-,0.002,0.22858049016431514
834,Communications,4800-4899,BB,0.005,0.21345609396856857
835,Communications,4800-4899,B+,0.0137,0.18049082754897905
836,Light Manufacturing,2000-2999,BB+,0.0024,0.22643045240605889
837,Communications,4800-4899,BB+,0.0024,0.22643045240605889
838,"Health, Legal & Educational Services",8000-8999,BB,0.005,0.21345609396856857
839,Utilities,4900-4999,A+,0.00065,0.2361626939797567
840,Utilities,4900-4999,B+,0.0137,0.18049082754897905
841,"Finance, Insurance & Real Estate",6000-6999,BB,0.005,0.21345609396856857
842,Mining & Construction,1000-1999,BB,0.005,0.21345609396856857
843,Utilities,4900-4999,B,0.0193,0.16571798396872045
844,Heavy Manufacturing,3000-3999,A+,0.00065,0.2361626939797567
845,"Finance, Insurance & Real Estate",6000-6999,A+,0.00065,0.2361626939797567
846,Wholesale & Retail Trade,5000-5999,BB-,0.0103,0.19170007135418848
847,Heavy Manufacturing,3000-3999,BB,0.005,0.21345609396856857
848,Communications,4800-4899,BB-,0.0103,0.19170007135418848
849,"Finance, Insurance & Real Estate",6000-6999,BBB-,0.002,0.22858049016431514
850,Transportation,4000-4799,B+,0.0137,0.18049082754897905
851,"Finance, Insurance & Real Estate",6000-6999,B,0.0193,0.16571798396872045
852,"Finance, Insurance & Real Estate",6000-6999,B+,0.0137,0.18049082754897905
853,Services,7000-7999,BB+,0.0024,0.22643045240605889
854,Wholesale & Retail Trade,5000-5999,A+,0.00065,0.2361626939797567
855,"Finance, Insurance & Real Estate",6000-6999,B,0.0193,0.16571798396872045
856,Utilities,4900-4999,B-,0.031,0.14546975685920915
857,Communications,4800-4899,B+,0.0137,0.18049082754897905
858,Services,7000-7999,BBB,0.0007,0.23587264995090795
859,Heavy Manufacturing,3000-3999,B+,0.0137,0.18049082754897905
860,Utilities,4900-4999,B,0.0193,0.16571798396872045
861,Communications,4800-4899,CCC+,0.2387,0.12000078682219927
862,Communications,4800-4899,BBB,0.0007,0.23587264995090795
863,Mining & Construction,1000-1999,BB+,0.0024,0.22643045240605889
864,Light Manufacturing,2000-2999,B,0.0193,0.16571798396872045
865,"Finance, Insurance & Real Estate",6000-6999,BB,0.005,0.21345609396856857
866,Wholesale & Retail Trade,5000-5999,BBB+,0.0008,0.23529473269827877
867,Services,7000-7999,BB-,0.0103,0.19170007135418848
868,Mining & Construction,1000-1999,B+,0.0137,0.18049082754897905
869,"Finance, Insurance & Real Estate",6000-6999,BB,0.005,0.21345609396856857
870,"Finance, Insurance & Real Estate",6000-6999,BB-,0.0103,0.19170007135418848
871,Communications,4800-4899,BB+,0.0024,0.22643045240605889
872,"Finance, Insurance & Real Estate",6000-6999,CCC+,0.2387,0.12000078682219927
873,"Health, Legal & Educational Services",8000-8999,BBB,0.0007,0.23587264995090795
874,Heavy Manufacturing,3000-3999,BBB-,0.002,0.22858049016431514
875,Communications,4800-4899,BB,0.005,0.21345609396856857
876,Wholesale & Retail Trade,5000-5999,B,0.0193,0.16571798396872045
877,Heavy Manufacturing,3000-3999,A-,0.0006,0.23645346402582096
878,Heavy Manufacturing,3000-3999,A-,0.0006,0.23645346402582096
879,Light Manufacturing,2000-2999,A+,0.00065,0.2361626939797567
880,Light Manufacturing,2000-2999,BB,0.005,0.21345609396856857
881,Heavy Manufacturing,3000-3999,BBB+,0.0008,0.23529473269827877
882,Light Manufacturing,2000-2999,BB+,0.0024,0.22643045240605889
883,Wholesale & Retail Trade,5000-5999,B+,0.0137,0.18049082754897905
884,Utilities,4900-4999,BBB-,0.002,0.22858049016431514
885,"Finance, Insurance & Real Estate",6000-6999,BB-,0.0103,0.19170007135418848
886,Heavy Manufacturing,3000-3999,BB+,0.0024,0.22643045240605889
887,Heavy Manufacturing,3000-3999,B+,0.0137,0.18049082754897905
888,"Finance, Insurance & Real Estate",6000-6999,B+,0.0137,0.18049082754897905
889,"Finance, Insurance & Real Estate",6000-6999,BBB-,0.002,0.22858049016431514
890,Communications,4800-4899,BB+,0.0024,0.22643045240605889
891,Heavy Manufacturing,3000-3999,B-,0.031,0.14546975685920915
892,Transportation,4000-4799,BB-,0.0103,0.19170007135418848
893,"Finance, Insurance & Real Estate",6000-6999,A-,0.0006,0.23645346402582096
894,"Finance, Insurance & Real Estate",6000-6999,B+,0.0137,0.18049082754897905
895,Communications,4800-4899,BBB+,0.0008,0.23529473269827877
896,Services,7000-7999,CCC+,0.2387,0.12000078682219927
897,Heavy Manufacturing,3000-3999,B-,0.031,0.14546975685920915
898,"Finance, Insurance & Real Estate",6000-6999,BB-,0.0103,0.19170007135418848
899,"Finance, Insurance & Real Estate",6000-6999,BB-,0.0103,0.19170007135418848
900,Utilities,4900-4999,BB+,0.0024,0.22643045240605889
901,Utilities,4900-4999,B+,0.0137,0.18049082754897905
902,"Finance, Insurance & Real Estate",6000-6999,BB+,0.0024,0.22643045240605889
903,"Finance, Insurance & Real Estate",6000-6999,BB-,0.0103,0.19170007135418848
904,Utilities,4900-4999,B,0.0193,0.16571798396872045
905,Transportation,4000-4799,BBB-,0.002,0.22858049016431514
906,Communications,4800-4899,BBB-,0.002,0.22858049016431514
907,Utilities,4900-4999,BBB+,0.0008,0.23529473269827877
908,"Finance, Insurance & Real Estate",6000-6999,BBB+,0.0008,0.23529473269827877
909,"Finance, Insurance & Real Estate",6000-6999,A,0.0006,0.23645346402582096
910,Heavy Manufacturing,3000-3999,B,0.0193,0.16571798396872045
911,Mining & Construction,1000-1999,CCC,0.2387,0.12000078682219927
912,Services,7000-7999,CCC+,0.2387,0.12000078682219927
913,Wholesale & Retail Trade,5000-5999,A,0.0006,0.23645346402582096
914,"Health, Legal & Educational Services",8000-8999,B,0.0193,0.16571798396872045
915,"Health, Legal & Educational Services",8000-8999,CCC+,0.2387,0.12000078682219927
916,Transportation,4000-4799,BBB-,0.002,0.22858049016431514
917,"Finance, Insurance & Real Estate",6000-6999,BB,0.005,0.21345609396856857
918,"Finance, Insurance & Real Estate",6000-6999,A+,0.00065,0.2361626939797567
919,Heavy Manufacturing,3000-3999,BB-,0.0103,0.19170007135418848
920,Light Manufacturing,2000-2999,BBB+,0.0008,0.23529473269827877
921,"Finance, Insurance & Real Estate",6000-6999,BB-,0.0103,0.19170007135418848
922,Services,7000-7999,A-,0.0006,0.23645346402582096
923,Light Manufacturing,2000-2999,B+,0.0137,0.18049082754897905
924,Light Manufacturing,2000-2999,B-,0.031,0.14546975685920915
925,"Finance, Insurance & Real Estate",6000-6999,BBB,0.0007,0.23587264995090795
926,"Finance, Insurance & Real Estate",6000-6999,BBB+,0.0008,0.23529473269827877
927,"Finance, Insurance & Real Estate",6000-6999,AA-,0.0007,0.23587264995090795
928,Services,7000-7999,BB+,0.0024,0.22643045240605889
929,Light Manufacturing,2000-2999,BBB-,0.002,0.22858049016431514
930,Communications,4800-4899,A-,0.0006,0.23645346402582096
931,Heavy Manufacturing,3000-3999,B+,0.0137,0.18049082754897905
932,Heavy Manufacturing,3000-3999,BBB-,0.002,0.22858049016431514
933,Heavy Manufacturing,3000-3999,BBB+,0.0008,0.23529473269827877
934,Mining & Construction,1000-1999,BBB-,0.002,0.22858049016431514
935,Mining & Construction,1000-1999,B-,0.031,0.14546975685920915
936,"Finance, Insurance & Real Estate",6000-6999,B+,0.0137,0.18049082754897905
937,Transportation,4000-4799,BB,0.005,0.21345609396856857
938,"Finance, Insurance & Real Estate",6000-6999,B+,0.0137,0.18049082754897905
939,Wholesale & Retail Trade,5000-5999,BBB+,0.0008,0.23529473269827877
940,"Finance, Insurance & Real Estate",6000-6999,BB,0.005,0.21345609396856857
941,Heavy Manufacturing,3000-3999,BB-,0.0103,0.19170007135418848
942,Services,7000-7999,BBB-,0.002,0.22858049016431514
943,"Finance, Insurance & Real Estate",6000-6999,B+,0.0137,0.18049082754897905
944,Utilities,4900-4999,BBB,0.0007,0.23587264995090795
945,Utilities,4900-4999,B+,0.0137,0.18049082754897905
946,"Finance, Insurance & Real Estate",6000-6999,B+,0.0137,0.18049082754897905
947,Communications,4800-4899,AA+,0.000967,0.23433602983495938
948,Services,7000-7999,B-,0.031,0.14546975685920915
949,Services,7000-7999,AAA,0.0011,0.23357821775441806
950,Heavy Manufacturing,3000-3999,BBB-,0.002,0.22858049016431514
951,Utilities,4900-4999,B-,0.031,0.14546975685920915
952,"Finance, Insurance & Real Estate",6000-6999,BB+,0.0024,0.22643045240605889
953,"Finance, Insurance & Real Estate",6000-6999,A-,0.0006,0.23645346402582096
954,"Finance, Insurance & Real Estate",6000-6999,BBB+,0.0008,0.23529473269827877
955,Wholesale & Retail Trade,5000-5999,B-,0.031,0.14546975685920915
956,Wholesale & Retail Trade,5000-5999,A+,0.00065,0.2361626939797567
957,Mining & Construction,1000-1999,B-,0.031,0.14546975685920915
958,Utilities,4900-4999,BB,0.005,0.21345609396856857
959,Utilities,4900-4999,BBB+,0.0008,0.23529473269827877
960,Utilities,4900-4999,BBB-,0.002,0.22858049016431514
961,Light Manufacturing,2000-2999,BBB+,0.0008,0.23529473269827877
962,Utilities,4900-4999,B,0.0193,0.16571798396872045
963,"Finance, Insurance & Real Estate",6000-6999,B,0.0193,0.16571798396872045
964,"Finance, Insurance & Real Estate",6000-6999,A,0.0006,0.23645346402582096
965,Transportation,4000-4799,BB+,0.0024,0.22643045240605889
966,Utilities,4900-4999,BBB,0.0007,0.23587264995090795
967,Transportation,4000-4799,CCC+,0.2387,0.12000078682219927
968,"Finance, Insurance & Real Estate",6000-6999,A-,0.0006,0.23645346402582096
969,Light Manufacturing,2000-2999,CCC,0.2387,0.12000078682219927
970,"Finance, Insurance & Real Estate",6000-6999,BB,0.005,0.21345609396856857
971,"Finance, Insurance & Real Estate",6000-6999,BBB+,0.0008,0.23529473269827877
972,"Finance, Insurance & Real Estate",6000-6999,BBB-,0.002,0.22858049016431514
973,"Finance, Insurance & Real Estate",6000-6999,BBB,0.0007,0.23587264995090795
974,Wholesale & Retail Trade,5000-5999,BBB+,0.0008,0.23529473269827877
975,Heavy Manufacturing,3000-3999,BB,0.005,0.21345609396856857
976,Light Manufacturing,2000-2999,BBB+,0.0008,0.23529473269827877
977,Utilities,4900-4999,AA-,0.0007,0.23587264995090795
978,Heavy Manufacturing,3000-3999,BB+,0.0024,0.22643045240605889
979,Light Manufacturing,2000-2999,A,0.0006,0.23645346402582096
980,"Finance, Insurance & Real Estate",6000-6999,BBB,0.0007,0.23587264995090795
981,"Health, Legal & Educational Services",8000-8999,BBB,0.0007,0.23587264995090795
982,Mining & Construction,1000-1999,BBB,0.0007,0.23587264995090795
983,Communications,4800-4899,CCC-,0.2387,0.12000078682219927
984,Utilities,4900-4999,BB,0.005,0.21345609396856857
985,"Finance, Insurance & Real Estate",6000-6999,BB-,0.0103,0.19170007135418848
986,Wholesale & Retail Trade,5000-5999,A,0.0006,0.23645346402582096
987,Heavy Manufacturing,3000-3999,BBB-,0.002,0.22858049016431514
988,"Finance, Insurance & Real Estate",6000-6999,BB-,0.0103,0.19170007135418848
989,Heavy Manufacturing,3000-3999,BBB+,0.0008,0.23529473269827877
990,Mining & Construction,1000-1999,B,0.0193,0.16571798396872045
991,Light Manufacturing,2000-2999,BBB+,0.0008,0.23529473269827877
992,Communications,4800-4899,BB+,0.0024,0.22643045240605889
993,Mining & Construction,1000-1999,BBB-,0.002,0.22858049016431514
994,"Finance, Insurance & Real Estate",6000-6999,BB-,0.0103,0.19170007135418848
995,Wholesale & Retail Trade,5000-5999,BBB-,0.002,0.22858049016431514
996,Utilities,4900-4999,BB+,0.0024,0.22643045240605889
997,Light Manufacturing,2000-2999,BB+,0.0024,0.22643045240605889
998,"Finance, Insurance & Real Estate",6000-6999,BBB,0.0007,0.23587264995090795
999,Public Administration,9000-9999,B+,0.0137,0.18049082754897905
1000,Heavy Manufacturing,3000-3999,BB-,0.0103,0.19170007135418848
